{"cameraMode":{"drawMode":0,"name":"Shaded","section":"Shading Mode"},"sceneLighting":true,"audioPlay":false,"sceneViewState":{"showFog":true,"showMaterialUpdate":false,"showSkybox":true,"showFlares":true,"showImageEffects":true,"showParticleSystems":true},"in2DMode":false,"pivot":{"x":7.30054235458374,"y":60.189964294433597,"z":4.729972839355469},"rotation":{"x":-0.027303652837872506,"y":-0.014081090688705445,"z":0.000384809187380597,"w":-0.9995370507240295},"size":5.430935859680176,"orthographic":false}