{"cameraMode":{"drawMode":0,"name":"Shaded","section":"Shading Mode"},"sceneLighting":false,"audioPlay":false,"sceneViewState":{"showFog":true,"showMaterialUpdate":false,"showSkybox":false,"showFlares":true,"showImageEffects":true,"showParticleSystems":true},"in2DMode":false,"pivot":{"x":0.8500581979751587,"y":21.270462036132814,"z":-18.07898712158203},"rotation":{"x":-0.0946466401219368,"y":-0.021804140880703927,"z":0.0020695191342383625,"w":-0.9952800869941711},"size":3.8320505619049074,"orthographic":false}